一级标签,二级标签,三级标签,四级标签,五级标签,模型类型,数据源,计算周期,更新周期
电商,云鲜智购,人口属性（用户特征）,性别,男、女,规则匹配,注册会员表,近1年内,1周
电商,云鲜智购,人口属性（用户特征）,年龄段,50后、60后、70后、80后、90后、00后、10后、20后,规则匹配,注册会员表,近1年内,1周
电商,云鲜智购,人口属性（用户特征）,身高,0-149、150-159、160-169、170-179、180-189、190-199、200-209、210-240,规则匹配,注册会员表,近1年内,1周
电商,云鲜智购,人口属性（用户特征）,民族,汉族0、蒙古族1、回族2、藏族3、维吾尔族4、苗族5、满族6,规则匹配,注册会员表,近1年内,1周
电商,云鲜智购,人口属性（用户特征）,籍贯,北京、上海、广州、深圳、杭州、苏州,规则匹配,注册会员表,近1年内,1周
电商,云鲜智购,人口属性（用户特征）,政治面貌,1群众、2党员、3其他党派,规则匹配,注册会员表,近1年内,1周
电商,云鲜智购,人口属性（用户特征）,职业,1学生、2公务员、3军人、4警察、5教师、6白领,规则匹配,注册会员表,近1年内,1周
电商,云鲜智购,人口属性（用户特征）,婚姻状况,1未婚、2已婚、3离异,规则匹配,注册会员表,近1年内,1周
电商,云鲜智购,人口属性（用户特征）,学历,小学、初中、高中、大专、本科、研究生、博士,规则匹配,注册会员表,近1年内,1周
电商,云鲜智购,人口属性（用户特征）,就业状况,事业单位、在职、待业、自主创业,规则匹配,注册会员表,近1年内,1周
电商,云鲜智购,人口属性（用户特征）,星座,12星座,规则匹配,注册会员表,近1年内,1周
电商,云鲜智购,人口属性（用户特征）,所在商圈,国贸CBD、西单、王府井、朝外、三里屯、崇文门、徐家汇、环球港、其他,规则匹配,注册会员表,近1年内,1周
电商,云鲜智购,人口属性（用户特征）,国籍,1中国大陆、2中国香港、3中国澳门、4中国台湾、5其他,规则匹配,注册会员表,近1年内,1周
电商,云鲜智购,商业属性（消费特征）,消费周期,近7天、近14天、近30天、近60天、近90天、90天以上,统计,订单表；优惠券表；客服咨询表,近3月内,1天
电商,云鲜智购,商业属性（消费特征）,消费能力,超高、高、中上、中、中下、低、很低,挖掘,订单表；优惠券表；客服咨询表,近3月内,1天
电商,云鲜智购,商业属性（消费特征）,客单价,0-10、10-30、30-50、50-9999,统计,订单表；优惠券表；客服咨询表,近3月内,1天
电商,云鲜智购,商业属性（消费特征）,支付方式,支付宝、微信支付、余额支付、银联支付、其他支付,统计,订单表；优惠券表；客服咨询表,近3月内,1天
电商,云鲜智购,商业属性（消费特征）,客单价,超低价、低价格、中等价格、高价格、超高价格,统计,订单表；优惠券表；客服咨询表,近3月内,1天
电商,云鲜智购,商业属性（消费特征）,单笔最高,0-30、30-90、90-150、150-9999,统计,订单表；优惠券表；客服咨询表,近3月内,1天
电商,云鲜智购,商业属性（消费特征）,新老会员标签,新会员、老会员、未消费会员,统计,订单表；优惠券表；客服咨询表,全部,1天
电商,云鲜智购,商业属性（消费特征）,购买频率,高、中、低,统计,订单表；优惠券表；客服咨询表,近3月内,1天
电商,云鲜智购,商业属性（消费特征）,省钱能手,3折-4折、5折-7折、8折-9折,统计,订单表；优惠券表；客服咨询表,近3月内,1天
电商,云鲜智购,商业属性（消费特征）,有券必买,折扣券、活动券、积分换购,统计,订单表；优惠券表；客服咨询表,近3月内,1天
电商,云鲜智购,商业属性（消费特征）,累计单量,超高、高、中等、低、很低,统计,订单表；优惠券表；客服咨询表,近3月内,1天
电商,云鲜智购,商业属性（消费特征）,累计金额,超高、高、中等、低、很低,统计,订单表；优惠券表；客服咨询表,近3月内,1天
电商,云鲜智购,商业属性（消费特征）,近7日单量,超高、高、中等、低、很低,统计,订单表；优惠券表；客服咨询表,近3月内,1天
电商,云鲜智购,商业属性（消费特征）,近7日金额,超高、高、中等、低、很低,统计,订单表；优惠券表；客服咨询表,近3月内,1天
电商,云鲜智购,商业属性（消费特征）,近30日单量,超高、高、中等、低、很低,统计,订单表；优惠券表；客服咨询表,近3月内,1天
电商,云鲜智购,商业属性（消费特征）,近30日金额,超高、高、中等、低、很低,统计,订单表；优惠券表；客服咨询表,近3月内,1天
电商,云鲜智购,商业属性（消费特征）,会员类型,钻石、白金、黄金、白银、青铜,统计,订单表；优惠券表；客服咨询表,近3月内,1天
电商,云鲜智购,商业属性（消费特征）,生命周期,引入期、成长期、成熟期、衰退期、流式期,统计,订单表；优惠券表；客服咨询表,近3月内,1天
电商,云鲜智购,商业属性（消费特征）,活动偏好,满减、买赠、打折、秒杀、其他,统计,订单表；优惠券表；客服咨询表,近3月内,1天
电商,云鲜智购,商业属性（消费特征）,渠道偏好,外卖平台、线下、小程序、APP,统计,订单表；优惠券表；客服咨询表,近3月内,1天
电商,云鲜智购,商业属性（消费特征）,客户价值,超高价值、高价值、中上价值、中价值、中下价值、低价值、超低价值,挖掘,订单表；优惠券表；客服咨询表,近3月内,1天
电商,云鲜智购,商业属性（消费特征）,价格敏感度,极度敏感、比较敏感、一般敏感、不太敏感、极度不敏感,统计/挖掘,订单表；优惠券表；客服咨询表,近3月内,1天
电商,云鲜智购,商业属性（消费特征）,购物性别,男、女、中性,统计/挖掘,订单表；优惠券表；客服咨询表,近3月内,1天
电商,云鲜智购,商业属性（消费特征）,转化率,高转化率、中转化率、低转化率,统计,订单表；优惠券表；客服咨询表,12小时内,实时
电商,云鲜智购,商业属性（消费特征）,RFM,重要价值用户、重要发展用户、重要保持用户、重要挽留用户 、 一般价值用户、一般发展用户、 一般保持用户、低价值用户,统计,订单表；优惠券表；客服咨询表,近3月内,1天
电商,云鲜智购,行为属性,最近登录,1天内、7天内、14天内、30天内,统计,行为数据；订单表；商品表；订单商品表；品类表,近1月内,1天
电商,云鲜智购,行为属性,浏览页面,登录页、首页、分类页、商品页、我的订单页,匹配,行为数据；订单表；商品表；订单商品表；品类表,近1月内,1天
电商,云鲜智购,行为属性,浏览时长,1分钟内、1-5分钟、5分钟以上,统计,行为数据；订单表；商品表；订单商品表；品类表,近1月内,1天
电商,云鲜智购,行为属性,访问频率,经常、从不、偶尔、很少,统计,行为数据；订单表；商品表；订单商品表；品类表,近1月内,1天
电商,云鲜智购,行为属性,客服咨询频率,高、中、低,统计,行为数据；订单表；商品表；订单商品表；品类表,近1月内,1天
电商,云鲜智购,行为属性,设备类型,Window、Mac、Linux、Android、IOS,匹配,行为数据；订单表；商品表；订单商品表；品类表,近1月内,1天
电商,云鲜智购,行为属性,浏览时段,1点-8点、8点-13点、13点-18点、18点-22点、22点-24点,统计,行为数据；订单表；商品表；订单商品表；品类表,近1月内,1天
电商,云鲜智购,行为属性,登录频率,无、较少、一般、经常,统计,行为数据；订单表；商品表；订单商品表；品类表,近1月内,1天
电商,云鲜智购,行为属性,浏览商品,浏览商品TopN,统计,行为数据；订单表；商品表；订单商品表；品类表,近1月内,1天
电商,云鲜智购,行为属性,收藏商品,收藏商品TopN,统计,行为数据；订单表；商品表；订单商品表；品类表,近1月内,1天
电商,云鲜智购,行为属性,购买商品,购买商品TopN,统计,行为数据；订单表；商品表；订单商品表；品类表,近1月内,1天
电商,云鲜智购,行为属性,好评商品,好评商品TopN,统计,行为数据；订单表；商品表；订单商品表；品类表,近1月内,1天
电商,云鲜智购,行为属性,商品偏好,所有商品,挖掘,行为数据；订单表；商品表；订单商品表；品类表,近1月内,1天
电商,云鲜智购,行为属性,品类偏好,所有品类,挖掘,行为数据；订单表；商品表；订单商品表；品类表,近1月内,1天
电商,云鲜智购,行为属性,品牌偏好,所有品牌,挖掘,行为数据；订单表；商品表；订单商品表；品类表,近1月内,1天
电商,云鲜智购,行为属性,颜色偏好,所有颜色,挖掘,行为数据；订单表；商品表；订单商品表；品类表,近1月内,1天
电商,云鲜智购,行为属性,口感偏好,酸、甜、苦、辣、咸,挖掘,行为数据；订单表；商品表；订单商品表；品类表,近1月内,1天
电商,云鲜智购,行为属性,活跃度,非常活跃、活跃、不活跃、非常不活跃,统计,行为数据；订单表；商品表；订单商品表；品类表,近1月内,1天
电商,云鲜智购,行为属性,近期活跃度,高活跃度、中活跃度、低活跃度,统计,行为数据；订单表；商品表；订单商品表；品类表,12小时内,实时
电商,云鲜智购,用户价值,房产,有房无贷、公积金贷款、商业贷款、无房,挖掘,订单表；订单商品表；收货地址表,近半年,1周
电商,云鲜智购,用户价值,房产价值,50w以内、50-100w以内、100-200w以内、200-500w以内、500w及以上,挖掘,订单表；订单商品表；收货地址表,近半年,1周
电商,云鲜智购,用户价值,车产,有车无贷、有车有贷、无车,挖掘,订单表；订单商品表；收货地址表,近半年,1周
电商,云鲜智购,用户价值,车产价值,10w以内、10-20w以内、20-30w以内、30-70w以内、70w及以上,挖掘,订单表；订单商品表；收货地址表,近半年,1周
电商,云鲜智购,风险属性,历史退货次数,"1-5,5-15,15-30,30以上",统计,行为数据；订单表；订单商品表；客诉表；评价表,近3月内,1天
电商,云鲜智购,风险属性,退货率,超高、高、中等、低、很低,统计,行为数据；订单表；订单商品表；客诉表；评价表,近3月内,1天
电商,云鲜智购,风险属性,换货率,超高、高、中等、低、很低,统计,行为数据；订单表；订单商品表；客诉表；评价表,近3月内,1天
电商,云鲜智购,风险属性,差评率,超高、高、中等、低、很低,统计,行为数据；订单表；订单商品表；客诉表；评价表,近3月内,1天
电商,云鲜智购,风险属性,客诉率,超高、高、中等、低、很低,统计,行为数据；订单表；订单商品表；客诉表；评价表,近3月内,1天
电商,云鲜智购,风险属性,赔付率,超高、高、中等、低、很低,统计,行为数据；订单表；订单商品表；客诉表；评价表,近3月内,1天
电商,云鲜智购,风险属性,单日下单频次,超高、高、中等、低、很低,统计,行为数据；订单表；订单商品表；客诉表；评价表,12小时内,实时
电商,云鲜智购,风险属性,单时下单频次,超高、高、中等、低、很低,统计,行为数据；订单表；订单商品表；客诉表；评价表,12小时内,实时
电商,云鲜智购,风险属性,毛利率,超高、高、中等、低、很低,统计,行为数据；订单表；订单商品表；客诉表；评价表,12小时内,实时
电商,云鲜智购,风险属性,预流失预警,高概率、中概率，低概率,统计,行为数据；订单表；订单商品表；客诉表；评价表,近3月内,1天
电商,云鲜智购,风险属性,用户风险级别,超高、高、中等、低、很低,挖掘,行为数据；订单表；订单商品表；客诉表；评价表,12小时内,实时
